aknosom__head	3	guarding_reload	1
aknosom__head	6	guarding_reload	2
aknosom__chest	3	guarding_reload	1
aknosom__chest	6	guard	1
aknosom__arms	3	feat_of_agility	1
aknosom__arms	6	power_prolonger	1
aknosom__waist	3	critical_eye	1
aknosom__waist	6	peak_performance	1
aknosom__legs	3	fire_attack	1
aknosom__legs	6	fire_attack	2
almudron__head	4	water_attack_boost_secret	1
almudron__head	4	water_attack	1
almudron__head	6	sneak_attack	1
almudron__chest	4	water_attack_boost_secret	1
almudron__chest	4	water_attack	1
almudron__chest	6	water_attack	2
almudron__arms	4	ballistic	1
almudron__arms	6	artful_dodger	1
almudron__waist	4	water_attack_boost_secret	1
almudron__waist	4	reload_speed	1
almudron__waist	6	spare_shot	1
almudron__legs	4	feat_of_agility	1
almudron__legs	6	lock_on	1
almudron__legs	8	feat_of_agility	2
anjanath__head	4	fire_attack	2
anjanath__head	6	fire_resistance	1
anjanath__chest	4	special_boost	1
anjanath__chest	6	special_boost	2
anjanath__arms	4	fire_attack	1
anjanath__arms	6	fire_attack	2
anjanath__waist	4	fire_resistance	1
anjanath__waist	6	special_boost	1
anjanath__legs	4	peak_performance	1
anjanath__legs	6	peak_performance	2
arzuros__head	2	multi_attack_boost	1
arzuros__head	4	multiplayer_boost	1
arzuros__chest	2	multi_attack_boost	1
arzuros__chest	4	multi_attack_boost	2
arzuros__chest	6	multi_attack_boost	3
arzuros__arms	2	focus	1
arzuros__arms	4	concentration	1
arzuros__arms	6	focus	2
arzuros__waist	2	morph_boost	1
arzuros__waist	6	morph_boost	2
arzuros__legs	2	brutal_strike	1
arzuros__legs	6	special_boost	1
astalos__head	5	thunder_attack_boost_secret	1
astalos__head	6	reload_speed	1
astalos__head	8	thunder_attack	1
astalos__chest	5	thunder_attack_boost_secret	1
astalos__chest	6	auto_just_dodge	1
astalos__chest	8	auto_just_dodge	2
astalos__arms	5	thunder_attack_boost_secret	1
astalos__arms	6	auto_just_dodge	1
astalos__arms	8	burst_dodger	1
astalos__waist	5	thunder_attack_boost_secret	1
astalos__waist	6	critical_element	1
astalos__waist	8	critical_eye	1
astalos__legs	5	thunder_attack_boost_secret	1
astalos__legs	6	thunder_attack	1
astalos__legs	8	thunder_attack	2
azure_rathalos__head	5	focus	1
azure_rathalos__head	6	focus	2
azure_rathalos__chest	5	earplugs	1
azure_rathalos__chest	5	fire_attack	1
azure_rathalos__chest	6	earplugs	2
azure_rathalos__arms	5	critical_boost	1
azure_rathalos__arms	6	critical_boost	2
azure_rathalos__waist	5	special_boost	1
azure_rathalos__waist	6	critical_boost	1
azure_rathalos__legs	5	reload_speed	2
azure_rathalos__legs	6	fire_attack	1
banbaro__head	3	tremor_resistance	1
banbaro__head	4	recoil_down	1
banbaro__chest	3	concentration	1
banbaro__chest	6	partbreaker	1
banbaro__arms	3	offensive_guard	1
banbaro__arms	4	tremor_resistance	1
banbaro__arms	6	offensive_guard	2
banbaro__waist	3	attack_boost	1
banbaro__waist	4	firm_foothold	1
banbaro__waist	6	attack_boost	2
banbaro__legs	3	divine_blessing	1
banbaro__legs	6	concentration	1
barioth__head	4	evade_extender	1
barioth__head	4	airborne	1
barioth__head	6	airborne	2
barioth__chest	4	ice_resistance	1
barioth__chest	6	ice_attack	1
barioth__arms	4	ice_attack	1
barioth__arms	6	ice_attack	2
barioth__waist	4	airborne	1
barioth__waist	6	ice_resistance	1
barioth__legs	4	sneak_attack	1
barioth__legs	6	evade_extender	1
barroth__head	2	defense_boost	1
barroth__head	4	offensive_guard	1
barroth__chest	2	offensive_guard	1
barroth__chest	6	offensive_guard	2
barroth__arms	2	guard	1
barroth__arms	6	guard	2
barroth__waist	2	defense_boost	1
barroth__waist	4	guard	1
barroth__legs	2	recoil_down	1
barroth__legs	4	defense_boost	1
barroth__legs	6	defense_boost	2
basarios__head	2	sleep_resistance	1
basarios__head	4	sleep_resistance	2
basarios__chest	2	artillery	1
basarios__chest	6	artillery	2
basarios__arms	2	recoil_down	1
basarios__arms	6	recoil_down	2
basarios__waist	2	fire_attack	1
basarios__waist	6	fire_attack	2
basarios__legs	2	artillery	1
basarios__legs	4	guard	1
bazelgeuse__head	5	reload_speed	1
bazelgeuse__head	6	reload_speed	2
bazelgeuse__head	8	artillery	1
bazelgeuse__chest	5	bravery	1
bazelgeuse__chest	6	bravery	2
bazelgeuse__chest	8	bravery	3
bazelgeuse__arms	5	brutal_strike	1
bazelgeuse__arms	6	brutal_strike	2
bazelgeuse__waist	5	artillery	1
bazelgeuse__waist	6	artillery	2
bazelgeuse__legs	5	bravery	1
bazelgeuse__legs	6	blast_attack	1
bazelgeuse__legs	8	bravery	2
beotodus__head	4	peak_performance	2
beotodus__head	6	peak_performance	3
beotodus__chest	4	charge_up	1
beotodus__chest	6	slugger	2
beotodus__arms	4	lock_on	1
beotodus__arms	4	focus	1
beotodus__arms	6	focus	2
beotodus__waist	4	guarding_reload	1
beotodus__waist	6	guarding_reload	2
beotodus__waist	8	ice_attack	1
beotodus__legs	4	charge_up	1
beotodus__legs	6	charge_up	2
bishaten__head	3	pursuit_paralysis	1
bishaten__head	6	pursuit_paralysis	2
bishaten__chest	3	reload_speed	1
bishaten__chest	4	burst	1
bishaten__chest	6	burst	2
bishaten__arms	3	slugger	1
bishaten__arms	4	airborne	1
bishaten__arms	6	slugger	2
bishaten__waist	3	pursuit_paralysis	1
bishaten__waist	4	multi_attack_boost	1
bishaten__waist	6	multi_attack_boost	2
bishaten__legs	3	feat_of_agility	1
bishaten__legs	6	focus	2
black_diablos__head	5	partbreaker	2
black_diablos__head	6	resentment	1
black_diablos__chest	5	resentment	2
black_diablos__chest	6	firm_foothold	1
black_diablos__arms	5	resentment	1
black_diablos__arms	6	focus	1
black_diablos__waist	5	lock_on	1
black_diablos__waist	6	heroics	1
black_diablos__legs	5	heroics	1
black_diablos__legs	6	offensive_guard	1
brute_tigrex__head	5	attack_boost_secret	1
brute_tigrex__head	6	disable_perfect_evade	1
brute_tigrex__head	8	disable_perfect_evade	2
brute_tigrex__chest	5	attack_boost_secret	1
brute_tigrex__chest	6	lock_on	1
brute_tigrex__chest	8	attack_boost	1
brute_tigrex__arms	5	attack_boost_secret	1
brute_tigrex__arms	6	reload_speed	1
brute_tigrex__arms	8	recoil_down	1
brute_tigrex__waist	5	attack_boost_secret	1
brute_tigrex__waist	6	attack_boost	1
brute_tigrex__waist	8	attack_boost	2
brute_tigrex__legs	5	attack_boost_secret	1
brute_tigrex__legs	6	burst_dodger	1
brute_tigrex__legs	8	burst_dodger	2
chameleos__head	6	chameleos_poison	1
chameleos__head	6	pursuit_poison	1
chameleos__head	8	abnormal_status_enhancement	1
chameleos__chest	6	chameleos_poison	1
chameleos__chest	6	focus	1
chameleos__chest	8	focus	2
chameleos__arms	6	chameleos_poison	1
chameleos__arms	6	bravery	1
chameleos__arms	8	bravery	2
chameleos__waist	6	chameleos_poison	1
chameleos__waist	6	pursuit_poison	1
chameleos__waist	8	pursuit_poison	2
chameleos__legs	6	chameleos_poison	1
chameleos__legs	6	offensive_guard	1
chameleos__legs	8	guard	1
chatacabra__head	2	armor_up	1
chatacabra__head	4	sneak_attack	1
chatacabra__head	6	sneak_attack	2
chatacabra__chest	2	armor_up	1
chatacabra__chest	4	firm_foothold	1
chatacabra__chest	6	firm_foothold	2
chatacabra__arms	2	armor_up	1
chatacabra__arms	4	armor_up	2
chatacabra__waist	2	armor_up	1
chatacabra__waist	4	resentment	1
chatacabra__waist	6	resentment	2
chatacabra__legs	2	armor_up	1
chatacabra__legs	4	evasive_reload	1
chatacabra__legs	6	evasive_reload	2
coral_pukei_pukei__head	5	weakness_exploit	1
coral_pukei_pukei__head	6	lock_on	1
coral_pukei_pukei__head	8	weakness_exploit	2
coral_pukei_pukei__chest	5	power_prolonger	1
coral_pukei_pukei__chest	6	power_prolonger	2
coral_pukei_pukei__chest	8	rising_tide	1
coral_pukei_pukei__arms	5	rising_tide	1
coral_pukei_pukei__arms	6	airborne	1
coral_pukei_pukei__waist	5	reload_speed	1
coral_pukei_pukei__waist	6	recoil_down	1
coral_pukei_pukei__legs	5	power_prolonger	1
coral_pukei_pukei__legs	6	weakness_exploit	1
deviljho__head	5	slugger	1
deviljho__head	5	dragon_attack	1
deviljho__head	6	slugger	2
deviljho__chest	5	latent_power	1
deviljho__chest	6	latent_power	2
deviljho__arms	5	peak_performance	1
deviljho__arms	5	dragon_attack	1
deviljho__arms	6	peak_performance	2
deviljho__waist	5	dragon_attack	1
deviljho__waist	5	tremor_resistance	1
deviljho__waist	6	dragon_attack	2
deviljho__legs	5	guts	1
deviljho__legs	5	latent_power	1
deviljho__legs	6	guts	2
diablos__head	5	heroics	1
diablos__head	6	heroics	2
diablos__chest	5	slugger	1
diablos__chest	6	heroics	1
diablos__arms	5	heroics	2
diablos__arms	6	partbreaker	1
diablos__waist	5	partbreaker	1
diablos__waist	6	offensive_guard	1
diablos__legs	5	slugger	2
diablos__legs	6	partbreaker	1
ebony_odogaron__head	5	deathgaron	1
ebony_odogaron__head	8	resuscitate	1
ebony_odogaron__chest	5	latent_power	1
ebony_odogaron__chest	8	critical_element	1
ebony_odogaron__arms	5	deathgaron	1
ebony_odogaron__arms	6	deathgaron	2
ebony_odogaron__waist	5	critical_boost	1
ebony_odogaron__waist	6	critical_boost	2
ebony_odogaron__waist	8	perfect_evade_sp_charge	1
ebony_odogaron__legs	5	dragon_attack	1
ebony_odogaron__legs	6	dragon_attack	2
ebony_odogaron__legs	8	evade_extender	1
espinas__head	5	high_performance_fire	1
espinas__head	6	health_boost	1
espinas__chest	5	break_attack_boost	1
espinas__chest	6	break_attack_boost	2
espinas__chest	8	break_attack_boost	3
espinas__arms	5	part_break_special_boost	1
espinas__arms	6	lock_on	1
espinas__arms	8	part_break_special_boost	2
espinas__waist	5	break_attack_boost	1
espinas__waist	6	partbreaker	1
espinas__waist	8	break_attack_boost	2
espinas__legs	5	high_performance_fire	1
espinas__legs	6	high_performance_fire	2
fulgur_anjanath__head	5	part_break_special_boost	1
fulgur_anjanath__head	6	special_boost	1
fulgur_anjanath__head	8	part_break_special_boost	2
fulgur_anjanath__chest	5	high_performance_thunder	1
fulgur_anjanath__chest	6	health_boost	1
fulgur_anjanath__arms	5	high_performance_thunder	1
fulgur_anjanath__arms	6	high_performance_thunder	2
fulgur_anjanath__waist	5	special_boost	1
fulgur_anjanath__waist	6	lock_on	1
fulgur_anjanath__waist	8	special_boost	2
fulgur_anjanath__legs	5	concentration	1
fulgur_anjanath__legs	6	attack_up_critical_down	1
fulgur_anjanath__legs	8	concentration	2
garangolm__head	4	brutal_strike	1
garangolm__head	6	brutal_strike	2
garangolm__chest	4	guard_up	1
garangolm__chest	6	guard	1
garangolm__arms	4	disable_perfect_evade	1
garangolm__arms	6	disable_perfect_evade	2
garangolm__waist	4	disable_perfect_evade	1
garangolm__waist	6	reload_speed	1
garangolm__waist	8	reload_speed	2
garangolm__legs	4	disable_perfect_evade	1
garangolm__legs	6	lock_on	1
glavenus__head	5	attack_up_critical_down	1
glavenus__head	6	attack_up_critical_down	2
glavenus__chest	5	lock_on	1
glavenus__chest	6	attack_up_critical_down	1
glavenus__chest	8	attack_up_critical_down	2
glavenus__arms	5	weakness_exploit	1
glavenus__arms	6	weakness_exploit	2
glavenus__waist	5	feat_of_agility	1
glavenus__waist	6	feat_of_agility	2
glavenus__waist	8	sneak_attack	1
glavenus__legs	5	burst	1
glavenus__legs	6	artful_dodger	1
glavenus__legs	8	burst	2
gold_rathian__head	6	resentment	1
gold_rathian__head	8	divine_blessing	2
gold_rathian__chest	6	partbreaker	2
gold_rathian__arms	6	pursuit_poison	1
gold_rathian__arms	8	pursuit_poison	2
gold_rathian__waist	6	lock_on	1
gold_rathian__waist	8	resuscitate	1
gold_rathian__legs	6	pursuit_poison	1
gold_rathian__legs	8	poison_attack	1
gossharag__head	4	morph_attack_boost	1
gossharag__head	6	morph_boost	1
gossharag__chest	4	ice_attack_boost_secret	1
gossharag__chest	6	ice_attack	1
gossharag__chest	8	ice_attack	2
gossharag__arms	4	ice_attack_boost_secret	1
gossharag__arms	6	divine_blessing	1
gossharag__waist	4	ice_attack_boost_secret	1
gossharag__waist	6	morph_attack_boost	1
gossharag__waist	8	morph_attack_boost	2
gossharag__legs	4	morph_boost	1
gossharag__legs	6	lock_on	1
gossharag__legs	8	morph_boost	2
great_girros__head	2	paralysis_resistance	1
great_girros__head	4	paralysis_resistance	2
great_girros__chest	2	paralysis_resistance	1
great_girros__chest	6	sneak_attack	1
great_girros__arms	2	sneak_attack	1
great_girros__arms	6	earplugs	1
great_girros__waist	2	paralysis_attack	1
great_girros__waist	4	earplugs	1
great_girros__waist	6	earplugs	2
great_girros__legs	2	paralysis_attack	1
great_girros__legs	6	paralysis_attack	2
great_jagras__head	2	firm_foothold	1
great_jagras__head	6	firm_foothold	2
great_jagras__chest	2	rising_tide	1
great_jagras__chest	6	rising_tide	2
great_jagras__arms	2	firm_foothold	1
great_jagras__arms	4	water_attack	1
great_jagras__waist	2	fortify	1
great_jagras__waist	4	rising_tide	1
great_jagras__waist	6	fortify	2
great_jagras__legs	2	water_attack	1
great_jagras__legs	6	water_attack	2
great_wroggi__head	2	power_prolonger	1
great_wroggi__head	6	power_prolonger	2
great_wroggi__chest	2	ending_shot	1
great_wroggi__chest	6	recoil_down	1
great_wroggi__arms	2	critical_eye	1
great_wroggi__arms	6	critical_eye	2
great_wroggi__waist	2	guard	1
great_wroggi__waist	4	guard	2
great_wroggi__legs	2	ending_shot	1
great_wroggi__legs	6	ending_shot	2
jyuratodus__head	3	water_resistance	1
jyuratodus__head	4	last_stand	1
jyuratodus__chest	3	water_attack	1
jyuratodus__chest	4	last_stand	1
jyuratodus__arms	3	water_attack	1
jyuratodus__arms	6	water_attack	2
jyuratodus__waist	3	water_resistance	1
jyuratodus__waist	4	water_resistance	2
jyuratodus__legs	3	focus	1
jyuratodus__legs	4	last_stand	1
jyuratodus__legs	6	focus	2
khezu__head	4	paralysis_attack	1
khezu__head	6	sp_insurance	1
khezu__chest	4	thunder_attack	1
khezu__chest	6	thunder_attack	2
khezu__arms	4	sp_insurance	1
khezu__arms	4	fortify	1
khezu__arms	6	sp_insurance	2
khezu__waist	4	paralysis_resistance	1
khezu__waist	6	paralysis_resistance	2
khezu__legs	4	focus	1
khezu__legs	6	slugger	1
kirin__head	6	kirin_robe	1
kirin__head	6	lock_on	1
kirin__head	8	fighting_spirit	1
kirin__chest	6	kirin_robe	1
kirin__chest	6	critical_boost	1
kirin__chest	8	critical_eye	1
kirin__arms	6	kirin_robe	1
kirin__arms	6	critical_boost	1
kirin__arms	8	weakness_exploit	1
kirin__waist	6	kirin_robe	1
kirin__waist	6	critical_boost	1
kirin__waist	8	latent_power	1
kirin__legs	6	kirin_robe	1
kirin__legs	6	recoil_down	1
kirin__legs	8	recoil_down	2
kulu_ya_ku__head	2	lock_on	1
kulu_ya_ku__head	4	critical_eye	1
kulu_ya_ku__chest	2	guts	1
kulu_ya_ku__chest	6	guts	2
kulu_ya_ku__arms	2	last_stand	1
kulu_ya_ku__arms	4	critical_eye	1
kulu_ya_ku__waist	2	last_stand	1
kulu_ya_ku__waist	4	evade_extender	1
kulu_ya_ku__legs	2	critical_eye	1
kulu_ya_ku__legs	6	critical_eye	2
kushala_daora__head	6	kushala_bless	1
kushala_daora__head	6	reload_speed	1
kushala_daora__head	8	earplugs	1
kushala_daora__chest	6	kushala_bless	1
kushala_daora__chest	6	partbreaker	1
kushala_daora__chest	8	health_boost	1
kushala_daora__arms	6	kushala_bless	1
kushala_daora__arms	6	focus	1
kushala_daora__arms	8	evade_extender	1
kushala_daora__waist	6	kushala_bless	1
kushala_daora__waist	6	weakness_exploit	1
kushala_daora__waist	8	windproof	1
kushala_daora__legs	6	kushala_bless	1
kushala_daora__legs	6	airborne	1
kushala_daora__legs	8	artful_dodger	1
lagombi__head	2	special_boost	1
lagombi__head	4	evade_extender	1
lagombi__head	6	special_boost	2
lagombi__chest	2	attack_boost	1
lagombi__chest	4	attack_boost	2
lagombi__chest	6	attack_boost	3
lagombi__arms	2	multiplayer_boost	1
lagombi__arms	4	resentment	1
lagombi__waist	2	multiplayer_boost	1
lagombi__waist	4	multiplayer_boost	2
lagombi__legs	2	ice_attack	1
lagombi__legs	6	ice_attack	2
legiana__head	5	divine_blessing	1
legiana__head	6	ice_attack	1
legiana__chest	5	divine_blessing	2
legiana__chest	6	windproof	1
legiana__arms	5	reload_speed	1
legiana__arms	6	reload_speed	2
legiana__waist	5	ice_attack	2
legiana__waist	6	windproof	1
legiana__legs	5	reload_speed	1
legiana__legs	6	ice_resistance	1
lunagaron__head	4	recoil_down	1
lunagaron__head	6	ballistic	1
lunagaron__head	8	recoil_down	2
lunagaron__chest	4	high_performance_ice	1
lunagaron__chest	6	high_performance_ice	2
lunagaron__arms	4	charge_up	1
lunagaron__arms	6	charge_up	2
lunagaron__waist	4	health_boost	1
lunagaron__waist	6	health_boost	2
lunagaron__waist	8	health_boost	3
lunagaron__legs	4	ballistic	1
lunagaron__legs	6	burst	1
lunagaron__legs	8	ballistic	2
magnamalo__head	4	hellfire_cloak	1
magnamalo__head	6	hellfire_cloak	2
magnamalo__chest	4	reload_speed	2
magnamalo__chest	6	blast_resistance	1
magnamalo__arms	4	blast_attack	1
magnamalo__arms	6	blast_attack	2
magnamalo__waist	4	blast_resistance	1
magnamalo__waist	6	hellfire_cloak	1
magnamalo__legs	4	blast_attack	1
magnamalo__legs	6	sneak_attack	1
malzeno__head	6	malzeno_blood	1
malzeno__head	6	high_performance_dragon	1
malzeno__head	8	high_performance_dragon	2
malzeno__chest	6	malzeno_blood	1
malzeno__chest	6	bloodblight_cloak	1
malzeno__chest	8	bloodblight_cloak	2
malzeno__arms	6	malzeno_blood	1
malzeno__arms	6	bloodblight_cloak	1
malzeno__arms	8	resuscitate	1
malzeno__waist	6	malzeno_blood	1
malzeno__waist	6	fighting_spirit	1
malzeno__waist	8	fighting_spirit	2
malzeno__legs	6	malzeno_blood	1
malzeno__legs	6	break_attack_boost	1
malzeno__legs	8	break_attack_boost	2
mizutsune__head	5	water_attack	1
mizutsune__head	6	water_attack	2
mizutsune__chest	5	bubbly_dance	1
mizutsune__chest	6	bubbly_dance	2
mizutsune__arms	5	bubbly_dance	1
mizutsune__arms	6	resuscitate	1
mizutsune__waist	5	perfect_evade_sp_charge	1
mizutsune__waist	6	perfect_evade_sp_charge	2
mizutsune__legs	5	resuscitate	1
mizutsune__legs	6	resuscitate	2
namielle__head	6	namielle_wave	1
namielle__head	6	reload_speed	1
namielle__head	8	recoil_down	1
namielle__chest	6	namielle_wave	1
namielle__chest	6	latent_power	1
namielle__chest	8	critical_boost	1
namielle__arms	6	namielle_wave	1
namielle__arms	6	critical_eye	1
namielle__arms	8	weakness_exploit	1
namielle__waist	6	namielle_wave	1
namielle__waist	6	water_attack	1
namielle__waist	8	water_attack	2
namielle__legs	6	namielle_wave	1
namielle__legs	6	perfect_evade_attack_boost	1
namielle__legs	8	perfect_evade_attack_boost	2
nargacuga__head	5	fighting_spirit	1
nargacuga__head	6	focus	1
nargacuga__chest	5	critical_boost	1
nargacuga__chest	6	lock_on	1
nargacuga__chest	8	critical_boost	2
nargacuga__arms	5	buildup_boost	1
nargacuga__arms	6	buildup_boost	2
nargacuga__arms	8	buildup_boost	3
nargacuga__waist	5	evasive_reload	1
nargacuga__waist	6	evasive_reload	2
nargacuga__waist	8	peak_performance	1
nargacuga__legs	5	buildup_boost	1
nargacuga__legs	6	artful_dodger	1
nargacuga__legs	8	buildup_boost	2
nergigante__head	6	nergigante_greed	1
nergigante__head	6	critical_eye	1
nergigante__head	8	artful_dodger	1
nergigante__chest	6	nergigante_greed	1
nergigante__chest	6	sneak_attack	1
nergigante__chest	8	evade_extender	1
nergigante__arms	6	nergigante_greed	1
nergigante__arms	6	offensive_guard	1
nergigante__arms	8	guard	1
nergigante__waist	6	nergigante_greed	1
nergigante__waist	6	attack_boost	1
nergigante__waist	8	partbreaker	1
nergigante__legs	6	nergigante_greed	1
nergigante__legs	6	reload_speed	1
nergigante__legs	8	recoil_down	1
nightshade_paolumu__head	5	sleep_enhancement	1
nightshade_paolumu__head	8	sleep_enhancement	2
nightshade_paolumu__chest	5	focus	1
nightshade_paolumu__chest	6	sleep_resistance	1
nightshade_paolumu__chest	8	focus	2
nightshade_paolumu__arms	5	sleep_attack	1
nightshade_paolumu__arms	6	sleep_attack	2
nightshade_paolumu__waist	5	sneak_attack	1
nightshade_paolumu__waist	6	evade_extender	1
nightshade_paolumu__waist	8	sneak_attack	2
nightshade_paolumu__legs	5	sleep_enhancement	1
nightshade_paolumu__legs	6	abnormal_status_enhancement	1
odogaron__head	4	feat_of_agility	1
odogaron__head	6	feat_of_agility	2
odogaron__chest	4	critical_eye	1
odogaron__chest	4	bleeding_resistance	1
odogaron__chest	6	critical_eye	2
odogaron__arms	4	feat_of_agility	1
odogaron__arms	4	bleeding_resistance	1
odogaron__arms	6	bleeding_resistance	2
odogaron__waist	4	critical_eye	1
odogaron__waist	6	perfect_evade_sp_charge	1
odogaron__legs	4	perfect_evade_sp_charge	1
odogaron__legs	6	perfect_evade_sp_charge	2
paolumu__head	3	concentration	1
paolumu__head	4	windproof	1
paolumu__chest	3	recoil_down	1
paolumu__chest	6	recoil_down	2
paolumu__arms	3	concentration	1
paolumu__arms	4	divine_blessing	1
paolumu__arms	6	concentration	2
paolumu__waist	3	divine_blessing	1
paolumu__waist	6	divine_blessing	2
paolumu__legs	3	windproof	1
paolumu__legs	6	windproof	2
pink_rathian__head	5	special_boost	1
pink_rathian__head	6	windproof	1
pink_rathian__chest	5	dragon_attack	1
pink_rathian__chest	6	focus	1
pink_rathian__arms	5	windproof	2
pink_rathian__arms	6	critical_eye	1
pink_rathian__waist	5	critical_eye	1
pink_rathian__waist	6	critical_eye	2
pink_rathian__legs	5	special_boost	2
pink_rathian__legs	6	dragon_attack	1
pukei_pukei__head	2	focus	1
pukei_pukei__head	4	health_boost	1
pukei_pukei__head	6	health_boost	2
pukei_pukei__chest	2	poison_resistance	1
pukei_pukei__chest	4	focus	1
pukei_pukei__arms	2	poison_attack	1
pukei_pukei__arms	4	poison_resistance	1
pukei_pukei__waist	2	poison_attack	1
pukei_pukei__waist	6	poison_attack	2
pukei_pukei__legs	2	health_boost	1
pukei_pukei__legs	4	poison_resistance	1
quematrice__head	2	artillery	1
quematrice__head	4	lock_on	1
quematrice__head	6	artillery	2
quematrice__chest	2	enhancement_normal_ammo	1
quematrice__chest	4	spare_shot	1
quematrice__chest	6	enhancement_normal_ammo	2
quematrice__arms	2	spare_shot	1
quematrice__arms	6	recoil_down	1
quematrice__waist	2	move_forward_strengthen	1
quematrice__waist	4	concentration	1
quematrice__waist	6	move_forward_strengthen	2
quematrice__legs	2	attack_boost	1
quematrice__legs	4	attack_boost	2
quematrice__legs	6	attack_boost	3
radobaan__head	2	guard	1
radobaan__head	6	guard	2
radobaan__chest	2	sleep_attack	1
radobaan__chest	4	defense_boost	1
radobaan__chest	6	defense_boost	2
radobaan__arms	2	slugger	1
radobaan__arms	4	sleep_resistance	1
radobaan__waist	2	sleep_attack	1
radobaan__waist	6	sleep_attack	2
radobaan__legs	2	sleep_resistance	1
radobaan__legs	4	guard	1
rajang__head	5	thunder_resistance	1
rajang__head	6	thunder_resistance	2
rajang__head	8	thunder_resistance	3
rajang__chest	5	fighting_spirit	1
rajang__chest	6	concentration	1
rajang__arms	5	fighting_spirit	1
rajang__arms	6	fighting_spirit	2
rajang__waist	5	focus	1
rajang__waist	6	focus	2
rajang__waist	8	focus	3
rajang__legs	5	resentment	1
rajang__legs	6	resentment	2
rajang__legs	8	tremor_resistance	1
rathalos__head	5	attack_boost	2
rathalos__head	6	fire_attack	1
rathalos__chest	5	weakness_exploit	1
rathalos__chest	6	weakness_exploit	2
rathalos__arms	5	fire_resistance	1
rathalos__arms	6	attack_boost	1
rathalos__waist	5	focus	1
rathalos__waist	6	fire_attack	1
rathalos__legs	5	fire_resistance	1
rathalos__legs	6	weakness_exploit	1
rathian__head	4	health_boost	2
rathian__head	6	poison_attack	1
rathian__chest	4	poison_attack	1
rathian__chest	6	poison_attack	2
rathian__arms	4	lock_on	1
rathian__arms	4	burst	1
rathian__arms	6	burst	2
rathian__waist	4	poison_resistance	1
rathian__waist	6	burst	1
rathian__legs	4	health_boost	1
rathian__legs	6	health_boost	2
seregios__head	5	powerhouse	1
seregios__head	8	powerhouse_critical	1
seregios__chest	5	powerhouse	1
seregios__chest	8	burst	1
seregios__arms	5	powerhouse	1
seregios__arms	6	attack_boost	1
seregios__arms	8	attack_boost	2
seregios__waist	5	powerhouse	1
seregios__waist	5	enhancement_normal_ammo	1
seregios__waist	8	ballistic	1
seregios__legs	5	powerhouse	1
seregios__legs	5	lock_on	1
seregios__legs	8	offensive_guard	1
shogun_ceanataur__head	4	high_performance_water	1
shogun_ceanataur__head	6	break_attack_boost	1
shogun_ceanataur__chest	4	enhancement_slicing_ammo	1
shogun_ceanataur__chest	6	recoil_down	1
shogun_ceanataur__chest	8	recoil_down	2
shogun_ceanataur__arms	4	water_attack_boost_secret	1
shogun_ceanataur__arms	4	lock_on	1
shogun_ceanataur__arms	6	water_attack	1
shogun_ceanataur__waist	4	water_attack_boost_secret	1
shogun_ceanataur__waist	4	part_breaker_tail	1
shogun_ceanataur__legs	4	water_attack_boost_secret	1
shogun_ceanataur__legs	4	enhancement_slicing_ammo	1
shogun_ceanataur__legs	6	enhancement_slicing_ammo	2
silver_rathalos__head	6	critical_element	1
silver_rathalos__head	8	critical_element	2
silver_rathalos__chest	6	fire_attack	1
silver_rathalos__chest	8	critical_boost	1
silver_rathalos__arms	6	latent_power	2
silver_rathalos__waist	6	windproof	2
silver_rathalos__legs	6	critical_element	1
silver_rathalos__legs	8	weakness_exploit	1
somnacanth__head	4	evasive_reload	1
somnacanth__head	6	evade_extender	1
somnacanth__chest	4	airborne	1
somnacanth__chest	6	airborne	2
somnacanth__arms	4	evasive_reload	1
somnacanth__arms	6	evasive_reload	2
somnacanth__waist	4	sleep_attack	1
somnacanth__waist	6	sleep_enhancement	1
somnacanth__legs	4	abnormal_status_enhancement	1
somnacanth__legs	6	abnormal_status_enhancement	2
stygian_zinogre__head	5	dragon_attack_boost_secret	1
stygian_zinogre__head	5	dragon_attack	1
stygian_zinogre__head	8	dragon_attack	2
stygian_zinogre__chest	5	dragon_attack_boost_secret	1
stygian_zinogre__chest	5	sp_overdrive	1
stygian_zinogre__chest	8	sp_overdrive	2
stygian_zinogre__arms	5	dragon_attack_boost_secret	1
stygian_zinogre__arms	5	lock_on	1
stygian_zinogre__arms	8	dragon_attack	1
stygian_zinogre__waist	5	high_performance_dragon	1
stygian_zinogre__waist	8	fighting_spirit	1
stygian_zinogre__legs	5	sp_overdrive	1
stygian_zinogre__legs	6	sp_overdrive	2
stygian_zinogre__legs	8	sp_overdrive	3
teostra__head	6	teostra_bless	1
teostra__head	6	latent_power	1
teostra__head	8	guts	1
teostra__chest	6	teostra_bless	1
teostra__chest	6	critical_eye	1
teostra__chest	8	artful_dodger	1
teostra__arms	6	teostra_bless	1
teostra__arms	6	artillery	1
teostra__arms	8	guard	1
teostra__waist	6	teostra_bless	1
teostra__waist	6	power_prolonger	1
teostra__waist	8	burst	1
teostra__legs	6	teostra_bless	1
teostra__legs	6	critical_boost	1
teostra__legs	8	evade_extender	1
tigrex__head	5	brutal_strike	1
tigrex__head	6	concentration	1
tigrex__chest	5	heroics	1
tigrex__chest	5	guts	1
tigrex__chest	8	heroics	2
tigrex__arms	5	earplugs	1
tigrex__arms	6	earplugs	2
tigrex__waist	5	brutal_strike	1
tigrex__waist	6	brutal_strike	2
tigrex__legs	5	lock_on	1
tigrex__legs	5	partbreaker	1
tigrex__legs	8	partbreaker	2
tobi_kadachi__head	2	reload_speed	1
tobi_kadachi__head	6	artful_dodger	1
tobi_kadachi__chest	2	evade_extender	1
tobi_kadachi__chest	4	thunder_attack	1
tobi_kadachi__arms	2	evade_extender	1
tobi_kadachi__arms	4	artful_dodger	1
tobi_kadachi__arms	6	evade_extender	2
tobi_kadachi__waist	2	thunder_attack	1
tobi_kadachi__waist	6	thunder_attack	2
tobi_kadachi__legs	2	artful_dodger	1
tobi_kadachi__legs	4	thunder_resistance	1
tzitzi_ya_ku__head	2	thunder_attack	1
tzitzi_ya_ku__head	4	evade_extender	1
tzitzi_ya_ku__head	6	thunder_attack	2
tzitzi_ya_ku__chest	2	abnormal_status_enhancement	1
tzitzi_ya_ku__chest	4	artful_dodger	1
tzitzi_ya_ku__arms	2	abnormal_status_enhancement	1
tzitzi_ya_ku__arms	4	abnormal_status_enhancement	2
tzitzi_ya_ku__waist	2	evade_extender	1
tzitzi_ya_ku__waist	4	abnormal_status_enhancement	1
tzitzi_ya_ku__legs	2	fortify	1
tzitzi_ya_ku__legs	4	fortify	2
vipertobikadachi__head	5	burst_secret	1
vipertobikadachi__head	5	artful_dodger	1
vipertobikadachi__head	8	power_burst	1
vipertobikadachi__chest	5	power_burst	1
vipertobikadachi__chest	8	power_burst	2
vipertobikadachi__arms	5	burst_secret	1
vipertobikadachi__arms	5	pursuit_paralysis	1
vipertobikadachi__arms	8	paralysis_attack	1
vipertobikadachi__waist	5	burst_secret	1
vipertobikadachi__waist	5	burst	1
vipertobikadachi__waist	8	burst	2
vipertobikadachi__legs	5	burst_secret	1
vipertobikadachi__legs	5	pursuit_poison	1
vipertobikadachi__legs	8	pursuit_poison	2
volvidon__head	3	morph_boost	1
volvidon__head	4	power_prolonger	1
volvidon__chest	3	paralysis_attack	1
volvidon__chest	4	paralysis_attack	2
volvidon__arms	3	morph_boost	1
volvidon__arms	6	morph_boost	2
volvidon__waist	3	sp_insurance	1
volvidon__waist	4	fighting_spirit	1
volvidon__waist	6	sp_insurance	2
volvidon__legs	3	paralysis_resistance	1
volvidon__legs	4	paralysis_resistance	2
volvidon__legs	6	paralysis_resistance	3
zinogre__head	5	perfect_evade_sp_charge	1
zinogre__head	6	burst	1
zinogre__chest	5	perfect_evade_sp_charge	1
zinogre__chest	5	thunder_resistance	1
zinogre__chest	6	perfect_evade_sp_charge	2
zinogre__arms	5	thunder_attack	1
zinogre__arms	6	thunder_attack	2
zinogre__waist	5	artful_dodger	1
zinogre__waist	6	reload_speed	1
zinogre__legs	5	burst	1
zinogre__legs	6	thunder_attack	1
tigrex__sns	8	brutal_strike	1
tigrex__gs	8	brutal_strike	1
tigrex__ls	8	brutal_strike	1
tigrex__hmr	8	brutal_strike	1
tigrex__hh	8	brutal_strike	1
tigrex__db	8	brutal_strike	1
tigrex__lnc	8	brutal_strike	1
tigrex__gl	8	brutal_strike	1
tigrex__sa	8	brutal_strike	1
tigrex__cb	8	brutal_strike	1
tigrex__ig	8	brutal_strike	1
tigrex__lbg	8	brutal_strike	1
tigrex__bow	8	brutal_strike	1
tigrex__hbg	8	brutal_strike	1
black_diablos__hmr	8	partbreaker	1
black_diablos__db	8	partbreaker	1
black_diablos__sa	8	partbreaker	1
black_diablos__cb	8	partbreaker	1
black_diablos__ig	8	partbreaker	1
black_diablos__bow	8	partbreaker	1
black_diablos__hbg	8	partbreaker	1
almudron__ls	8	water_attack	1
almudron__hmr	8	water_attack	1
almudron__db	8	water_attack	1
almudron__gl	8	water_attack	1
almudron__sa	8	water_attack	1
almudron__lbg	8	water_attack	1
almudron__bow	8	water_attack	1
deviljho__sns	8	airborne	2
deviljho__gs	8	focus	1
deviljho__ls	8	feat_of_agility	1
deviljho__hmr	8	slugger	1
deviljho__hh	8	power_prolonger	1
deviljho__db	8	burst	2
deviljho__lnc	8	offensive_guard	2
deviljho__gl	8	artillery	1
deviljho__sa	8	morph_boost	1
deviljho__cb	8	latent_power	1
deviljho__ig	8	move_forward_strengthen	2
deviljho__lbg	8	rising_tide	2
deviljho__bow	8	peak_performance	2
deviljho__hbg	8	guarding_reload	1
namielle__sns	6	elder_dragon_resonance	1
namielle__sns	8	weakness_exploit	1
namielle__ls	6	elder_dragon_resonance	1
namielle__ls	8	weakness_exploit	1
namielle__hh	6	elder_dragon_resonance	1
namielle__hh	8	weakness_exploit	1
namielle__lnc	6	elder_dragon_resonance	1
namielle__lnc	8	weakness_exploit	1
namielle__gl	6	elder_dragon_resonance	1
namielle__gl	8	weakness_exploit	1
namielle__sa	6	elder_dragon_resonance	1
namielle__sa	8	weakness_exploit	1
namielle__cb	6	elder_dragon_resonance	1
namielle__cb	8	weakness_exploit	1
namielle__ig	6	elder_dragon_resonance	1
namielle__ig	8	weakness_exploit	1
namielle__lbg	6	elder_dragon_resonance	1
namielle__lbg	8	weakness_exploit	1
namielle__bow	6	elder_dragon_resonance	1
namielle__bow	8	weakness_exploit	1
namielle__hbg	6	elder_dragon_resonance	1
namielle__hbg	8	weakness_exploit	1
gold_rathian__sns	6	pursuit_poison	1
gold_rathian__sns	8	pursuit_poison	2
gold_rathian__ls	6	pursuit_poison	1
gold_rathian__ls	8	pursuit_poison	2
gold_rathian__hh	6	critical_element	1
gold_rathian__hh	8	critical_element	2
gold_rathian__gl	6	pursuit_poison	1
gold_rathian__gl	8	pursuit_poison	2
gold_rathian__sa	6	pursuit_poison	1
gold_rathian__sa	8	pursuit_poison	2
gold_rathian__cb	6	pursuit_poison	1
gold_rathian__cb	8	pursuit_poison	2
gold_rathian__lbg	6	pursuit_poison	1
gold_rathian__lbg	8	pursuit_poison	2
gold_rathian__bow	6	pursuit_poison	1
gold_rathian__bow	8	pursuit_poison	2
gold_rathian__hbg	6	pursuit_poison	1
gold_rathian__hbg	8	pursuit_poison	2
azure_rathalos__sns	8	special_boost	1
azure_rathalos__gs	8	special_boost	1
azure_rathalos__ls	8	special_boost	1
azure_rathalos__lnc	8	special_boost	1
azure_rathalos__gl	8	special_boost	1
azure_rathalos__sa	8	special_boost	1
azure_rathalos__cb	8	special_boost	1
azure_rathalos__ig	8	special_boost	1
azure_rathalos__lbg	8	special_boost	1
azure_rathalos__bow	8	special_boost	1
legiana__sns	5	divine_blessing	1
legiana__sns	8	divine_blessing	2
legiana__gs	5	divine_blessing	1
legiana__gs	8	divine_blessing	2
legiana__ls	5	divine_blessing	1
legiana__ls	8	divine_blessing	2
legiana__hh	5	divine_blessing	1
legiana__hh	8	divine_blessing	2
legiana__db	5	divine_blessing	1
legiana__db	8	divine_blessing	2
legiana__lnc	5	divine_blessing	1
legiana__lnc	8	divine_blessing	2
legiana__gl	5	divine_blessing	1
legiana__gl	8	divine_blessing	2
legiana__sa	5	divine_blessing	1
legiana__sa	8	divine_blessing	2
legiana__cb	5	divine_blessing	1
legiana__cb	8	divine_blessing	2
legiana__ig	5	divine_blessing	1
legiana__ig	8	divine_blessing	2
legiana__lbg	5	divine_blessing	1
legiana__lbg	8	divine_blessing	2
legiana__bow	5	divine_blessing	1
legiana__bow	8	divine_blessing	2
legiana__hbg	5	divine_blessing	1
legiana__hbg	8	divine_blessing	2
bazelgeuse__ls	8	feat_of_agility	1
bazelgeuse__hh	8	partbreaker	1
bazelgeuse__db	8	brutal_strike	1
bazelgeuse__lnc	8	offensive_guard	2
bazelgeuse__gl	8	artillery	1
bazelgeuse__sa	8	burst	2
bazelgeuse__lbg	8	evasive_reload	2
aknosom__gs	8	lock_on	1
aknosom__ls	8	lock_on	1
aknosom__db	8	lock_on	1
aknosom__lnc	8	lock_on	1
aknosom__gl	8	lock_on	1
aknosom__sa	8	lock_on	1
aknosom__ig	8	lock_on	1
espinas__sns	5	part_break_special_boost	1
espinas__sns	8	part_break_special_boost	2
espinas__gs	5	part_break_special_boost	1
espinas__gs	8	part_break_special_boost	2
espinas__ls	5	part_break_special_boost	1
espinas__ls	8	part_break_special_boost	2
espinas__hmr	5	part_break_special_boost	1
espinas__hmr	8	part_break_special_boost	2
espinas__hh	5	part_break_special_boost	1
espinas__hh	8	part_break_special_boost	2
espinas__db	5	part_break_special_boost	1
espinas__db	8	part_break_special_boost	2
espinas__lnc	5	part_break_special_boost	1
espinas__lnc	8	part_break_special_boost	2
espinas__gl	5	part_break_special_boost	1
espinas__gl	8	part_break_special_boost	2
espinas__sa	5	part_break_special_boost	1
espinas__sa	8	part_break_special_boost	2
espinas__cb	5	part_break_special_boost	1
espinas__cb	8	part_break_special_boost	2
espinas__ig	5	part_break_special_boost	1
espinas__ig	8	part_break_special_boost	2
espinas__lbg	5	part_break_special_boost	1
espinas__lbg	8	part_break_special_boost	2
espinas__bow	5	part_break_special_boost	1
espinas__bow	8	part_break_special_boost	2
espinas__hbg	5	part_break_special_boost	1
espinas__hbg	8	part_break_special_boost	2
barroth__sns	4	defense_boost	1
barroth__sns	8	defense_boost	2
barroth__gs	4	defense_boost	1
barroth__gs	8	defense_boost	2
barroth__hmr	4	defense_boost	1
barroth__hmr	8	defense_boost	2
barroth__hh	4	defense_boost	1
barroth__hh	8	defense_boost	2
barroth__lnc	4	defense_boost	1
barroth__lnc	8	defense_boost	2
barroth__gl	4	defense_boost	1
barroth__gl	8	defense_boost	2
barroth__sa	4	defense_boost	1
barroth__sa	8	defense_boost	2
barroth__lbg	4	defense_boost	1
barroth__lbg	8	defense_boost	2
pukei_pukei__sns	8	sneak_attack	1
pukei_pukei__gs	8	sneak_attack	1
pukei_pukei__hmr	8	sneak_attack	1
pukei_pukei__hh	8	sneak_attack	1
pukei_pukei__lnc	8	sneak_attack	1
pukei_pukei__sa	8	sneak_attack	1
pukei_pukei__ig	8	sneak_attack	1
pukei_pukei__bow	8	sneak_attack	1
pukei_pukei__hbg	8	sneak_attack	1
kirin__sns	6	elder_dragon_resonance	1
kirin__sns	8	latent_power	1
kirin__gs	6	elder_dragon_resonance	1
kirin__gs	8	latent_power	1
kirin__hh	6	elder_dragon_resonance	1
kirin__hh	8	latent_power	1
kirin__db	6	elder_dragon_resonance	1
kirin__db	8	latent_power	1
kirin__lnc	6	elder_dragon_resonance	1
kirin__lnc	8	latent_power	1
kirin__sa	6	elder_dragon_resonance	1
kirin__sa	8	latent_power	1
kirin__ig	6	elder_dragon_resonance	1
kirin__ig	8	latent_power	1
kirin__lbg	6	elder_dragon_resonance	1
kirin__lbg	8	latent_power	1
kirin__hbg	6	elder_dragon_resonance	1
kirin__hbg	8	latent_power	1
great_girros__sns	8	sneak_attack	1
great_girros__gs	8	sneak_attack	1
great_girros__hmr	8	sneak_attack	1
great_girros__gl	8	sneak_attack	1
great_girros__cb	8	sneak_attack	1
rathian__sns	4	health_boost	1
rathian__sns	8	health_boost	2
rathian__ls	4	health_boost	1
rathian__ls	8	health_boost	2
rathian__hh	4	health_boost	1
rathian__hh	8	health_boost	2
rathian__gl	4	health_boost	1
rathian__gl	8	health_boost	2
rathian__sa	4	health_boost	1
rathian__sa	8	health_boost	2
rathian__cb	4	health_boost	1
rathian__cb	8	health_boost	2
rathian__ig	4	health_boost	1
rathian__ig	8	health_boost	2
rathian__bow	4	health_boost	1
rathian__bow	8	health_boost	2
rathian__hbg	4	health_boost	1
rathian__hbg	8	health_boost	2
tzitzi_ya_ku__ls	8	lock_on	1
tzitzi_ya_ku__db	8	lock_on	1
tzitzi_ya_ku__ig	8	lock_on	1
tzitzi_ya_ku__hbg	8	guard	1
coral_pukei_pukei__sns	8	earplugs	1
coral_pukei_pukei__gs	8	earplugs	1
coral_pukei_pukei__hmr	8	earplugs	1
coral_pukei_pukei__hh	8	earplugs	1
coral_pukei_pukei__lnc	8	earplugs	1
coral_pukei_pukei__sa	8	earplugs	1
coral_pukei_pukei__ig	8	earplugs	1
coral_pukei_pukei__lbg	8	earplugs	1
coral_pukei_pukei__bow	8	earplugs	1
coral_pukei_pukei__hbg	8	earplugs	1
astalos__sns	5	thunder_attack	1
astalos__gs	5	thunder_attack	1
astalos__ls	5	thunder_attack	1
astalos__hmr	5	thunder_attack	1
astalos__hh	5	thunder_attack	1
astalos__db	5	thunder_attack	1
astalos__lnc	5	thunder_attack	1
astalos__gl	5	thunder_attack	1
astalos__sa	5	thunder_attack	1
astalos__cb	5	thunder_attack	1
astalos__ig	5	thunder_attack	1
astalos__lbg	5	thunder_attack	1
astalos__bow	5	thunder_attack	1
astalos__hbg	5	thunder_attack	1
radobaan__sns	4	defense_boost	1
radobaan__sns	8	defense_boost	2
radobaan__gs	4	defense_boost	1
radobaan__gs	8	defense_boost	2
radobaan__hmr	4	defense_boost	1
radobaan__hmr	8	defense_boost	2
radobaan__hh	4	defense_boost	1
radobaan__hh	8	defense_boost	2
radobaan__hbg	4	defense_boost	1
radobaan__hbg	8	defense_boost	2
beotodus__gs	8	bravery	1
beotodus__db	8	bravery	1
beotodus__cb	8	bravery	1
beotodus__ig	8	bravery	1
beotodus__lbg	8	bravery	1
rajang__sns	8	slugger	2
rajang__gs	8	resentment	2
rajang__ls	8	focus	1
rajang__hmr	8	partbreaker	1
rajang__hh	8	attack_up_critical_down	1
rajang__db	8	power_prolonger	2
rajang__lnc	8	burst	2
rajang__gl	8	guarding_reload	1
rajang__sa	8	fighting_spirit	1
rajang__cb	8	feat_of_agility	1
rajang__ig	8	airborne	2
rajang__lbg	8	artillery	1
rajang__bow	8	rising_tide	2
rajang__hbg	8	offensive_guard	2
nargacuga__sns	5	resuscitate	1
nargacuga__sns	8	resuscitate	2
nargacuga__gs	5	resuscitate	1
nargacuga__gs	8	resuscitate	2
nargacuga__ls	5	resuscitate	1
nargacuga__ls	8	resuscitate	2
nargacuga__hmr	5	resuscitate	1
nargacuga__hmr	8	resuscitate	2
nargacuga__hh	5	resuscitate	1
nargacuga__hh	8	resuscitate	2
nargacuga__db	5	resuscitate	1
nargacuga__db	8	resuscitate	2
nargacuga__lnc	5	resuscitate	1
nargacuga__lnc	8	resuscitate	2
nargacuga__gl	5	resuscitate	1
nargacuga__gl	8	resuscitate	2
nargacuga__sa	5	resuscitate	1
nargacuga__sa	8	resuscitate	2
nargacuga__cb	5	resuscitate	1
nargacuga__cb	8	resuscitate	2
nargacuga__ig	5	resuscitate	1
nargacuga__ig	8	resuscitate	2
nargacuga__lbg	5	resuscitate	1
nargacuga__lbg	8	resuscitate	2
nargacuga__bow	5	resuscitate	1
nargacuga__bow	8	resuscitate	2
nargacuga__hbg	5	resuscitate	1
nargacuga__hbg	8	resuscitate	2
great_jagras__sns	4	health_boost	1
great_jagras__sns	8	health_boost	2
great_jagras__gs	4	health_boost	1
great_jagras__gs	8	health_boost	2
great_jagras__gl	4	health_boost	1
great_jagras__gl	8	health_boost	2
great_jagras__sa	4	health_boost	1
great_jagras__sa	8	health_boost	2
great_jagras__cb	4	health_boost	1
great_jagras__cb	8	health_boost	2
great_jagras__lbg	4	health_boost	1
great_jagras__lbg	8	health_boost	2
great_jagras__hbg	4	health_boost	1
great_jagras__hbg	8	health_boost	2
tobi_kadachi__sns	8	evade_extender	1
tobi_kadachi__gs	8	evade_extender	1
tobi_kadachi__ls	8	evade_extender	1
tobi_kadachi__hmr	8	evade_extender	1
tobi_kadachi__hh	8	evade_extender	1
tobi_kadachi__db	8	evade_extender	1
tobi_kadachi__lnc	8	evade_extender	1
tobi_kadachi__gl	8	evade_extender	1
tobi_kadachi__sa	8	evade_extender	1
tobi_kadachi__cb	8	evade_extender	1
tobi_kadachi__ig	8	evade_extender	1
tobi_kadachi__lbg	8	evade_extender	1
tobi_kadachi__bow	8	evade_extender	1
tobi_kadachi__hbg	8	evade_extender	1
ebony_odogaron__db	8	critical_boost	1
ebony_odogaron__lnc	8	critical_boost	1
ebony_odogaron__cb	8	critical_boost	1
ebony_odogaron__ig	8	critical_boost	1
ebony_odogaron__lbg	8	critical_boost	1
stygian_zinogre__sns	5	dragon_attack	1
stygian_zinogre__sns	8	dragon_attack_boost_secret	1
stygian_zinogre__gs	5	dragon_attack	1
stygian_zinogre__gs	8	dragon_attack_boost_secret	1
stygian_zinogre__ls	5	dragon_attack	1
stygian_zinogre__ls	8	dragon_attack_boost_secret	1
stygian_zinogre__hmr	5	dragon_attack	1
stygian_zinogre__hmr	8	dragon_attack_boost_secret	1
stygian_zinogre__hh	5	dragon_attack	1
stygian_zinogre__hh	8	dragon_attack_boost_secret	1
stygian_zinogre__db	5	dragon_attack	1
stygian_zinogre__db	8	dragon_attack_boost_secret	1
stygian_zinogre__lnc	5	dragon_attack	1
stygian_zinogre__lnc	8	dragon_attack_boost_secret	1
stygian_zinogre__gl	5	dragon_attack	1
stygian_zinogre__gl	8	dragon_attack_boost_secret	1
stygian_zinogre__sa	5	dragon_attack	1
stygian_zinogre__sa	8	dragon_attack_boost_secret	1
stygian_zinogre__cb	5	dragon_attack	1
stygian_zinogre__cb	8	dragon_attack_boost_secret	1
stygian_zinogre__ig	5	dragon_attack	1
stygian_zinogre__ig	8	dragon_attack_boost_secret	1
stygian_zinogre__lbg	5	dragon_attack	1
stygian_zinogre__lbg	8	dragon_attack_boost_secret	1
stygian_zinogre__bow	5	dragon_attack	1
stygian_zinogre__bow	8	dragon_attack_boost_secret	1
stygian_zinogre__hbg	5	dragon_attack	1
stygian_zinogre__hbg	8	dragon_attack_boost_secret	1
paolumu__sns	4	divine_blessing	1
paolumu__sns	8	divine_blessing	2
paolumu__hh	4	divine_blessing	1
paolumu__hh	8	divine_blessing	2
paolumu__sa	4	divine_blessing	1
paolumu__sa	8	divine_blessing	2
paolumu__lbg	4	divine_blessing	1
paolumu__lbg	8	divine_blessing	2
chatacabra__sns	4	armor_up	1
chatacabra__hmr	4	armor_up	1
chatacabra__cb	4	armor_up	1
chatacabra__ig	4	armor_up	1
chatacabra__hbg	4	armor_up	1
kushala_daora__sns	6	elder_dragon_resonance	1
kushala_daora__sns	8	windproof	2
kushala_daora__gs	6	elder_dragon_resonance	1
kushala_daora__gs	8	windproof	2
kushala_daora__ls	6	elder_dragon_resonance	1
kushala_daora__ls	8	windproof	2
kushala_daora__hmr	6	elder_dragon_resonance	1
kushala_daora__hmr	8	windproof	2
kushala_daora__hh	6	elder_dragon_resonance	1
kushala_daora__hh	8	windproof	2
kushala_daora__db	6	elder_dragon_resonance	1
kushala_daora__db	8	windproof	2
kushala_daora__lnc	6	elder_dragon_resonance	1
kushala_daora__lnc	8	windproof	2
kushala_daora__gl	6	elder_dragon_resonance	1
kushala_daora__gl	8	windproof	2
kushala_daora__sa	6	elder_dragon_resonance	1
kushala_daora__sa	8	windproof	2
kushala_daora__cb	6	elder_dragon_resonance	1
kushala_daora__cb	8	windproof	2
kushala_daora__ig	6	elder_dragon_resonance	1
kushala_daora__ig	8	windproof	2
kushala_daora__lbg	6	elder_dragon_resonance	1
kushala_daora__lbg	8	windproof	2
kushala_daora__bow	6	elder_dragon_resonance	1
kushala_daora__bow	8	windproof	2
kushala_daora__hbg	6	elder_dragon_resonance	1
kushala_daora__hbg	8	windproof	2
pink_rathian__sns	8	evade_extender	1
pink_rathian__ls	8	evade_extender	1
pink_rathian__hh	8	evade_extender	1
pink_rathian__gl	8	evade_extender	1
pink_rathian__cb	8	evade_extender	1
pink_rathian__bow	8	evade_extender	1
magnamalo__sns	8	partbreaker	1
magnamalo__gs	8	partbreaker	1
magnamalo__ls	8	partbreaker	1
magnamalo__hmr	8	partbreaker	1
magnamalo__hh	8	partbreaker	1
magnamalo__db	8	partbreaker	1
magnamalo__lnc	8	partbreaker	1
magnamalo__gl	8	partbreaker	1
magnamalo__sa	8	partbreaker	1
magnamalo__cb	8	partbreaker	1
magnamalo__ig	8	partbreaker	1
magnamalo__lbg	8	partbreaker	1
magnamalo__bow	8	partbreaker	1
magnamalo__hbg	8	partbreaker	1
malzeno__sns	6	elder_dragon_resonance	1
malzeno__sns	8	high_performance_dragon	1
malzeno__gs	6	elder_dragon_resonance	1
malzeno__gs	8	high_performance_dragon	1
malzeno__ls	6	elder_dragon_resonance	1
malzeno__ls	8	high_performance_dragon	1
malzeno__hmr	6	elder_dragon_resonance	1
malzeno__hmr	8	high_performance_dragon	1
malzeno__hh	6	elder_dragon_resonance	1
malzeno__hh	8	high_performance_dragon	1
malzeno__db	6	elder_dragon_resonance	1
malzeno__db	8	high_performance_dragon	1
malzeno__lnc	6	elder_dragon_resonance	1
malzeno__lnc	8	high_performance_dragon	1
malzeno__gl	6	elder_dragon_resonance	1
malzeno__gl	8	high_performance_dragon	1
malzeno__sa	6	elder_dragon_resonance	1
malzeno__sa	8	high_performance_dragon	1
malzeno__cb	6	elder_dragon_resonance	1
malzeno__cb	8	high_performance_dragon	1
malzeno__ig	6	elder_dragon_resonance	1
malzeno__ig	8	high_performance_dragon	1
malzeno__lbg	6	elder_dragon_resonance	1
malzeno__lbg	8	high_performance_dragon	1
malzeno__bow	6	elder_dragon_resonance	1
malzeno__bow	8	high_performance_dragon	1
malzeno__hbg	6	elder_dragon_resonance	1
malzeno__hbg	8	high_performance_dragon	1
arzuros__ls	4	special_boost	1
arzuros__ls	8	special_boost	2
arzuros__hmr	4	special_boost	1
arzuros__hmr	8	special_boost	2
arzuros__hh	4	special_boost	1
arzuros__hh	8	special_boost	2
arzuros__db	4	special_boost	1
arzuros__db	8	special_boost	2
arzuros__sa	4	special_boost	1
arzuros__sa	8	special_boost	2
arzuros__bow	4	special_boost	1
arzuros__bow	8	special_boost	2
arzuros__hbg	4	special_boost	1
arzuros__hbg	8	special_boost	2
garangolm__sns	4	disable_perfect_evade	1
garangolm__gs	4	disable_perfect_evade	1
garangolm__ls	4	disable_perfect_evade	1
garangolm__hmr	4	disable_perfect_evade	1
garangolm__hh	4	disable_perfect_evade	1
garangolm__db	4	disable_perfect_evade	1
garangolm__lnc	4	disable_perfect_evade	1
garangolm__gl	4	disable_perfect_evade	1
garangolm__sa	4	disable_perfect_evade	1
garangolm__cb	4	disable_perfect_evade	1
garangolm__ig	4	disable_perfect_evade	1
garangolm__lbg	4	disable_perfect_evade	1
garangolm__bow	4	disable_perfect_evade	1
garangolm__hbg	4	disable_perfect_evade	1
jyuratodus__sns	8	last_stand	1
jyuratodus__gs	8	last_stand	1
jyuratodus__ls	8	last_stand	1
jyuratodus__hmr	8	last_stand	1
jyuratodus__hh	8	last_stand	1
jyuratodus__db	8	last_stand	1
jyuratodus__lnc	8	last_stand	1
jyuratodus__gl	8	last_stand	1
jyuratodus__sa	8	last_stand	1
jyuratodus__cb	8	last_stand	1
jyuratodus__ig	8	last_stand	1
jyuratodus__lbg	8	last_stand	1
jyuratodus__bow	8	last_stand	1
jyuratodus__hbg	8	last_stand	1
quematrice__sns	4	bravery	1
quematrice__gs	4	bravery	1
quematrice__ls	4	bravery	1
quematrice__db	4	bravery	1
quematrice__lnc	4	bravery	1
quematrice__gl	4	bravery	1
quematrice__bow	4	bravery	1
silver_rathalos__sns	6	critical_element	1
silver_rathalos__sns	8	critical_element	2
silver_rathalos__gs	6	critical_element	1
silver_rathalos__gs	8	critical_element	2
silver_rathalos__ls	6	critical_element	1
silver_rathalos__ls	8	critical_element	2
silver_rathalos__hmr	6	critical_element	1
silver_rathalos__hmr	8	critical_element	2
silver_rathalos__db	6	critical_element	1
silver_rathalos__db	8	critical_element	2
silver_rathalos__db	8	pursuit_poison	1
silver_rathalos__lnc	6	critical_element	1
silver_rathalos__lnc	8	critical_element	2
silver_rathalos__gl	6	critical_element	1
silver_rathalos__gl	8	critical_element	2
silver_rathalos__sa	6	critical_element	1
silver_rathalos__sa	8	critical_element	2
silver_rathalos__cb	6	critical_element	1
silver_rathalos__cb	8	critical_element	2
silver_rathalos__ig	6	critical_element	1
silver_rathalos__ig	8	critical_element	2
silver_rathalos__ig	8	pursuit_poison	1
silver_rathalos__lbg	6	critical_element	1
silver_rathalos__lbg	8	critical_element	2
silver_rathalos__bow	6	critical_element	1
silver_rathalos__bow	8	critical_element	2
bishaten__sns	4	multi_attack_boost	1
bishaten__sns	8	multi_attack_boost	2
bishaten__hmr	4	multi_attack_boost	1
bishaten__hmr	8	multi_attack_boost	2
bishaten__sa	4	multi_attack_boost	1
bishaten__sa	8	multi_attack_boost	2
bishaten__lbg	4	multi_attack_boost	1
bishaten__lbg	8	multi_attack_boost	2
bishaten__bow	4	multi_attack_boost	1
bishaten__bow	8	multi_attack_boost	2
bishaten__hbg	4	multi_attack_boost	1
bishaten__hbg	8	multi_attack_boost	2
somnacanth__gs	8	evade_extender	1
somnacanth__ls	8	evade_extender	1
somnacanth__hmr	8	evade_extender	1
somnacanth__hh	8	evade_extender	1
somnacanth__db	8	evade_extender	1
somnacanth__cb	8	evade_extender	1
somnacanth__ig	8	evade_extender	1
rathalos__sns	8	earplugs	1
rathalos__gs	8	earplugs	1
rathalos__ls	8	earplugs	1
rathalos__hmr	8	earplugs	1
rathalos__hh	8	earplugs	1
rathalos__db	8	health_boost	1
rathalos__db	8	earplugs	1
rathalos__lnc	8	earplugs	1
rathalos__gl	8	earplugs	1
rathalos__sa	8	earplugs	1
rathalos__cb	8	earplugs	1
rathalos__ig	8	earplugs	1
rathalos__lbg	8	earplugs	1
rathalos__bow	8	earplugs	1
fulgur_anjanath__sns	8	critical_element	1
fulgur_anjanath__gs	8	critical_element	1
fulgur_anjanath__ls	8	critical_element	1
fulgur_anjanath__hmr	8	critical_element	1
fulgur_anjanath__hh	8	critical_element	1
fulgur_anjanath__db	8	critical_element	1
fulgur_anjanath__gl	8	critical_element	1
fulgur_anjanath__sa	8	critical_element	1
fulgur_anjanath__ig	8	critical_element	1
fulgur_anjanath__lbg	8	brutal_strike	1
fulgur_anjanath__bow	8	critical_element	1
fulgur_anjanath__hbg	8	brutal_strike	1
brute_tigrex__sns	5	perfect_evade_attack_boost	1
brute_tigrex__sns	6	perfect_evade_attack_boost	2
brute_tigrex__sns	8	perfect_evade_attack_boost	3
brute_tigrex__sns	10	perfect_evade_attack_boost	5
brute_tigrex__gs	5	armor_up	1
brute_tigrex__gs	6	armor_up	2
brute_tigrex__gs	8	armor_up	3
brute_tigrex__ls	5	feat_of_agility	1
brute_tigrex__ls	6	feat_of_agility	2
brute_tigrex__ls	8	feat_of_agility	3
brute_tigrex__hh	5	power_prolonger	1
brute_tigrex__hh	6	power_prolonger	2
brute_tigrex__hh	8	power_prolonger	3
brute_tigrex__db	5	power_prolonger	1
brute_tigrex__db	6	power_prolonger	2
brute_tigrex__db	8	power_prolonger	3
brute_tigrex__lnc	5	move_forward_strengthen	1
brute_tigrex__lnc	6	move_forward_strengthen	2
brute_tigrex__lnc	8	move_forward_strengthen	3
brute_tigrex__lnc	10	move_forward_strengthen	5
brute_tigrex__gl	5	perfect_evade_attack_boost	1
brute_tigrex__gl	6	perfect_evade_attack_boost	2
brute_tigrex__gl	8	perfect_evade_attack_boost	3
brute_tigrex__gl	10	perfect_evade_attack_boost	5
brute_tigrex__sa	5	armor_up	1
brute_tigrex__sa	6	armor_up	2
brute_tigrex__sa	8	armor_up	3
brute_tigrex__cb	5	evasive_reload	1
brute_tigrex__cb	6	evasive_reload	2
brute_tigrex__cb	8	evasive_reload	3
brute_tigrex__cb	10	evasive_reload	5
brute_tigrex__ig	5	power_prolonger	1
brute_tigrex__ig	6	power_prolonger	2
brute_tigrex__ig	8	power_prolonger	3
brute_tigrex__lbg	5	ballistic	1
brute_tigrex__lbg	6	ballistic	2
brute_tigrex__lbg	8	ballistic	3
brute_tigrex__bow	5	ballistic	1
brute_tigrex__bow	6	ballistic	2
brute_tigrex__bow	8	ballistic	3
brute_tigrex__hbg	5	guarding_reload	1
brute_tigrex__hbg	6	guarding_reload	2
brute_tigrex__hbg	8	guarding_reload	3
kulu_ya_ku__ls	4	fortify	1
kulu_ya_ku__ls	8	fortify	2
kulu_ya_ku__hmr	4	fortify	1
kulu_ya_ku__hmr	8	fortify	2
kulu_ya_ku__hh	4	fortify	1
kulu_ya_ku__hh	8	fortify	2
kulu_ya_ku__db	4	fortify	1
kulu_ya_ku__db	8	fortify	2
kulu_ya_ku__lnc	4	fortify	1
kulu_ya_ku__lnc	8	fortify	2
kulu_ya_ku__ig	4	fortify	1
kulu_ya_ku__ig	8	fortify	2
kulu_ya_ku__bow	4	fortify	1
kulu_ya_ku__bow	8	fortify	2
banbaro__gs	4	firm_foothold	1
banbaro__gs	8	firm_foothold	2
banbaro__ls	4	firm_foothold	1
banbaro__ls	8	firm_foothold	2
banbaro__hmr	4	firm_foothold	1
banbaro__hmr	8	firm_foothold	2
banbaro__db	4	firm_foothold	1
banbaro__db	8	firm_foothold	2
banbaro__gl	4	firm_foothold	1
banbaro__gl	8	firm_foothold	2
banbaro__sa	4	firm_foothold	1
banbaro__sa	8	firm_foothold	2
banbaro__lbg	4	firm_foothold	1
banbaro__lbg	8	firm_foothold	2
banbaro__bow	4	firm_foothold	1
banbaro__bow	8	firm_foothold	2
shogun_ceanataur__gs	8	break_attack_boost	1
shogun_ceanataur__ls	8	break_attack_boost	1
shogun_ceanataur__hmr	8	break_attack_boost	1
shogun_ceanataur__db	8	break_attack_boost	1
shogun_ceanataur__lnc	8	break_attack_boost	1
shogun_ceanataur__cb	8	break_attack_boost	1
shogun_ceanataur__bow	8	break_attack_boost	1
shogun_ceanataur__hbg	8	break_attack_boost	1
seregios__sns	8	powerhouse	1
seregios__gs	8	powerhouse	1
seregios__ls	8	powerhouse	1
seregios__hmr	8	powerhouse	1
seregios__hh	8	powerhouse	1
seregios__db	8	powerhouse	1
seregios__lnc	8	powerhouse	1
seregios__gl	8	powerhouse	1
seregios__sa	8	powerhouse	1
seregios__cb	8	powerhouse	1
seregios__ig	8	powerhouse	1
seregios__lbg	8	powerhouse	1
seregios__bow	8	powerhouse	1
seregios__hbg	8	powerhouse	1
anjanath__sns	8	rising_tide	1
anjanath__gs	8	rising_tide	1
anjanath__ls	8	rising_tide	1
anjanath__hmr	8	rising_tide	1
anjanath__hh	8	rising_tide	1
anjanath__db	8	rising_tide	1
anjanath__gl	8	rising_tide	1
anjanath__sa	8	rising_tide	1
anjanath__ig	8	rising_tide	1
anjanath__lbg	8	rising_tide	1
anjanath__bow	8	rising_tide	1
anjanath__hbg	8	rising_tide	1
khezu__sns	8	peak_performance	1
khezu__gs	8	peak_performance	1
khezu__hmr	8	peak_performance	1
khezu__hh	8	peak_performance	1
khezu__db	8	peak_performance	1
khezu__gl	8	peak_performance	1
khezu__sa	8	peak_performance	1
khezu__ig	8	peak_performance	1
khezu__lbg	8	peak_performance	1
khezu__bow	8	peak_performance	1
teostra__sns	6	elder_dragon_resonance	1
teostra__sns	8	heroics	2
teostra__gs	6	elder_dragon_resonance	1
teostra__gs	8	heroics	2
teostra__ls	6	elder_dragon_resonance	1
teostra__ls	8	heroics	2
teostra__hmr	6	elder_dragon_resonance	1
teostra__hmr	8	heroics	2
teostra__hh	6	elder_dragon_resonance	1
teostra__hh	8	heroics	2
teostra__lnc	6	elder_dragon_resonance	1
teostra__lnc	8	heroics	2
teostra__sa	6	elder_dragon_resonance	1
teostra__sa	8	heroics	2
teostra__cb	6	elder_dragon_resonance	1
teostra__cb	8	heroics	2
teostra__lbg	6	elder_dragon_resonance	1
teostra__lbg	8	heroics	2
teostra__bow	6	elder_dragon_resonance	1
teostra__bow	8	heroics	2
teostra__hbg	6	elder_dragon_resonance	1
teostra__hbg	8	heroics	2
nightshade_paolumu__sns	8	sneak_attack	1
nightshade_paolumu__gs	8	sneak_attack	1
nightshade_paolumu__hmr	8	sneak_attack	1
nightshade_paolumu__hh	8	sneak_attack	1
nightshade_paolumu__lnc	8	sneak_attack	1
nightshade_paolumu__sa	8	sneak_attack	1
nightshade_paolumu__ig	8	sneak_attack	1
nightshade_paolumu__lbg	8	sneak_attack	1
nightshade_paolumu__bow	8	sneak_attack	1
nightshade_paolumu__hbg	8	sneak_attack	1
vipertobikadachi__ls	5	burst	1
vipertobikadachi__ls	8	burst_secret	1
vipertobikadachi__db	5	burst	1
vipertobikadachi__db	8	burst_secret	1
vipertobikadachi__gl	5	burst	1
vipertobikadachi__gl	8	burst_secret	1
vipertobikadachi__cb	5	burst	1
vipertobikadachi__cb	8	burst_secret	1
vipertobikadachi__ig	5	burst	1
vipertobikadachi__ig	8	burst_secret	1
vipertobikadachi__bow	5	burst	1
vipertobikadachi__bow	8	burst_secret	1
vipertobikadachi__hbg	5	burst	1
vipertobikadachi__hbg	8	burst_secret	1
odogaron__db	8	perfect_evade_sp_charge	1
odogaron__lnc	8	perfect_evade_sp_charge	1
odogaron__cb	8	perfect_evade_sp_charge	1
odogaron__ig	8	perfect_evade_sp_charge	1
odogaron__lbg	8	perfect_evade_sp_charge	1
diablos__sns	8	heroics	1
diablos__gs	8	heroics	1
diablos__hmr	8	heroics	1
diablos__hh	8	heroics	1
diablos__db	8	heroics	1
diablos__lnc	8	heroics	1
diablos__gl	8	heroics	1
diablos__sa	8	heroics	1
diablos__cb	8	heroics	1
diablos__ig	8	heroics	1
diablos__bow	8	heroics	1
diablos__hbg	8	heroics	1
lagombi__gs	8	lock_on	1
lagombi__ls	8	lock_on	1
lagombi__db	8	lock_on	1
lagombi__gl	8	lock_on	1
lagombi__sa	8	lock_on	1
lagombi__ig	8	lock_on	1
lagombi__hbg	8	guard	1
mizutsune__sns	8	artful_dodger	1
mizutsune__gs	8	artful_dodger	1
mizutsune__ls	8	artful_dodger	1
mizutsune__hmr	8	artful_dodger	1
mizutsune__hh	8	artful_dodger	1
mizutsune__db	8	artful_dodger	1
mizutsune__lnc	8	artful_dodger	1
mizutsune__gl	8	artful_dodger	1
mizutsune__sa	8	artful_dodger	1
mizutsune__cb	8	artful_dodger	1
mizutsune__ig	8	artful_dodger	1
mizutsune__lbg	8	artful_dodger	1
mizutsune__bow	8	artful_dodger	1
mizutsune__hbg	8	artful_dodger	1
great_wroggi__sns	4	lock_on	1
great_wroggi__ls	4	lock_on	1
great_wroggi__hmr	4	lock_on	1
great_wroggi__db	4	lock_on	1
great_wroggi__bow	4	focus	1
volvidon__hmr	8	evade_extender	1
volvidon__lnc	8	evade_extender	1
volvidon__gl	8	evade_extender	1
volvidon__sa	8	evade_extender	1
volvidon__cb	8	evade_extender	1
volvidon__hbg	8	evade_extender	1
chameleos__gs	6	elder_dragon_resonance	1
chameleos__gs	8	abnormal_status_enhancement	2
chameleos__ls	6	elder_dragon_resonance	1
chameleos__ls	8	abnormal_status_enhancement	2
chameleos__hmr	6	elder_dragon_resonance	1
chameleos__hmr	8	abnormal_status_enhancement	2
chameleos__hh	6	elder_dragon_resonance	1
chameleos__hh	8	abnormal_status_enhancement	2
chameleos__db	6	elder_dragon_resonance	1
chameleos__db	8	abnormal_status_enhancement	2
chameleos__gl	6	elder_dragon_resonance	1
chameleos__gl	8	abnormal_status_enhancement	2
chameleos__sa	6	elder_dragon_resonance	1
chameleos__sa	8	abnormal_status_enhancement	2
chameleos__cb	6	elder_dragon_resonance	1
chameleos__cb	8	abnormal_status_enhancement	2
chameleos__ig	6	elder_dragon_resonance	1
chameleos__ig	8	abnormal_status_enhancement	2
chameleos__lbg	6	elder_dragon_resonance	1
chameleos__lbg	8	sneak_attack	2
chameleos__bow	6	elder_dragon_resonance	1
chameleos__bow	8	abnormal_status_enhancement	2
chameleos__hbg	6	elder_dragon_resonance	1
chameleos__hbg	8	sneak_attack	2
glavenus__sns	8	brutal_strike	1
glavenus__gs	8	brutal_strike	1
glavenus__ls	8	brutal_strike	1
glavenus__hmr	8	brutal_strike	1
glavenus__hh	8	brutal_strike	1
glavenus__db	8	brutal_strike	1
glavenus__lnc	8	brutal_strike	1
glavenus__gl	8	brutal_strike	1
glavenus__sa	8	brutal_strike	1
glavenus__cb	8	brutal_strike	1
glavenus__ig	8	brutal_strike	1
glavenus__lbg	8	brutal_strike	1
glavenus__bow	8	brutal_strike	1
glavenus__hbg	8	brutal_strike	1
barioth__sns	8	evade_extender	1
barioth__gs	8	evade_extender	1
barioth__ls	8	evade_extender	1
barioth__hmr	8	evade_extender	1
barioth__hh	8	evade_extender	1
barioth__db	8	evade_extender	1
barioth__lnc	8	evade_extender	1
barioth__gl	8	evade_extender	1
barioth__sa	8	evade_extender	1
barioth__cb	8	evade_extender	1
barioth__ig	8	evade_extender	1
barioth__lbg	8	evade_extender	1
barioth__bow	8	evade_extender	1
barioth__hbg	8	evade_extender	1
lunagaron__sns	8	high_performance_ice	1
lunagaron__gs	8	high_performance_ice	1
lunagaron__ls	8	high_performance_ice	1
lunagaron__hmr	8	high_performance_ice	1
lunagaron__hh	8	high_performance_ice	1
lunagaron__db	8	high_performance_ice	1
lunagaron__lnc	8	high_performance_ice	1
lunagaron__gl	8	high_performance_ice	1
lunagaron__sa	8	high_performance_ice	1
lunagaron__cb	8	high_performance_ice	1
lunagaron__ig	8	high_performance_ice	1
lunagaron__lbg	8	high_performance_ice	1
lunagaron__bow	8	high_performance_ice	1
lunagaron__hbg	8	high_performance_ice	1
basarios__ls	8	heroics	1
basarios__hmr	8	heroics	1
basarios__hh	8	heroics	1
basarios__lnc	8	heroics	1
basarios__cb	8	heroics	1
basarios__lbg	8	heroics	1
basarios__hbg	8	heroics	1
nergigante__sns	6	elder_dragon_resonance	1
nergigante__sns	8	partbreaker	2
nergigante__gs	6	elder_dragon_resonance	1
nergigante__gs	8	partbreaker	2
nergigante__ls	6	elder_dragon_resonance	1
nergigante__ls	8	partbreaker	2
nergigante__hmr	6	elder_dragon_resonance	1
nergigante__hmr	8	partbreaker	2
nergigante__hh	6	elder_dragon_resonance	1
nergigante__hh	8	partbreaker	2
nergigante__db	6	elder_dragon_resonance	1
nergigante__db	8	partbreaker	2
nergigante__lnc	6	elder_dragon_resonance	1
nergigante__lnc	8	partbreaker	2
nergigante__gl	6	elder_dragon_resonance	1
nergigante__gl	8	partbreaker	2
nergigante__sa	6	elder_dragon_resonance	1
nergigante__sa	8	partbreaker	2
nergigante__cb	6	elder_dragon_resonance	1
nergigante__cb	8	partbreaker	2
nergigante__ig	6	elder_dragon_resonance	1
nergigante__ig	8	partbreaker	2
nergigante__lbg	6	elder_dragon_resonance	1
nergigante__lbg	8	partbreaker	2
nergigante__bow	6	elder_dragon_resonance	1
nergigante__bow	8	partbreaker	2
nergigante__hbg	6	elder_dragon_resonance	1
nergigante__hbg	8	partbreaker	2
gossharag__sns	8	brutal_strike	1
gossharag__gs	8	brutal_strike	1
gossharag__hmr	8	brutal_strike	1
gossharag__lnc	8	brutal_strike	1
gossharag__cb	8	brutal_strike	1
gossharag__ig	8	brutal_strike	1
gossharag__lbg	8	brutal_strike	1
zinogre__sns	8	artful_dodger	1
zinogre__gs	8	artful_dodger	1
zinogre__ls	8	artful_dodger	1
zinogre__hmr	8	artful_dodger	1
zinogre__hh	8	artful_dodger	1
zinogre__db	8	artful_dodger	1
zinogre__lnc	8	artful_dodger	1
zinogre__gl	8	artful_dodger	1
zinogre__sa	8	artful_dodger	1
zinogre__cb	8	artful_dodger	1
zinogre__ig	8	artful_dodger	1
zinogre__lbg	8	artful_dodger	1
zinogre__bow	8	artful_dodger	1
zinogre__hbg	8	artful_dodger	1
